market,horizon_days,model,MAPE_%,median_APE_%,RMSE_%,within_5%,within_10%,direction_hit_%,theil_U,DM_pvalue_vs_RW,coverage80_%,coverage95_%,n_forecasts
brent,7,random_walk,4.797380189029863,3.2816305601845785,6.764971930076627,66.7311411992263,86.65377176015474,,1.0,,76.7175572519084,95.80152671755725,517.0
brent,7,ridge,4.907233367655723,3.3535670521250838,6.892319229770121,64.79690522243715,87.2340425531915,49.224806201550386,1.0188245126527895,0.27324791009517624,72.13740458015268,95.41984732824427,517.0
brent,7,gbm,4.918174124113292,3.47393342905562,6.903262212069622,65.95744680851064,85.49323017408123,49.031007751937985,1.0204421072877132,0.19270157543231559,75.19083969465649,94.27480916030534,517.0
brent,7,ensemble,4.851281772756728,3.4770488397577015,6.828312581115674,67.11798839458413,86.65377176015474,49.8062015503876,1.009363032351611,0.31720941345553266,75.19083969465649,94.65648854961832,517.0
brent,15,random_walk,6.777883494902288,4.427938865876335,10.141364153856369,56.16438356164384,79.2563600782779,,1.0,,71.2,92.4,511.0
brent,15,ridge,7.2728085789459955,4.509610718202017,10.543922401286137,53.42465753424658,76.90802348336595,47.74951076320939,1.0396946841985446,0.22864967192396457,69.6,90.0,511.0
brent,15,gbm,6.967192400494709,4.318735825017351,10.35960101874359,54.99021526418787,77.10371819960861,51.07632093933464,1.021519478205921,0.3830365146707455,68.4,91.60000000000001,511.0
brent,15,ensemble,6.930305668489889,4.224752236452423,10.277216563368844,54.794520547945204,78.27788649706457,52.83757338551859,1.0133958713493998,0.5377744591608711,70.8,91.2,511.0
wti,7,random_walk,4.48147262416403,3.075089392133412,6.19945923873803,66.92456479690522,89.16827852998065,,1.0,,73.66412213740458,96.18320610687023,517.0
wti,7,ridge,4.592680913582109,3.231459791858504,6.374941281116257,66.7311411992263,88.58800773694391,51.93798449612403,1.028306024061213,0.24439551665309056,73.2824427480916,95.0381679389313,517.0
wti,7,gbm,4.626720199639394,3.200835603191954,6.372726867476039,66.53771760154739,87.81431334622823,52.32558139534884,1.0279488294164958,0.12625514152369954,73.2824427480916,95.80152671755725,517.0
wti,7,ensemble,4.512471554762246,3.1793380585821485,6.259610274846472,67.8916827852998,89.16827852998065,52.90697674418605,1.0097026262762696,0.40124520186007695,74.04580152671755,94.65648854961832,517.0
wti,15,random_walk,6.219411772004847,3.9990334662317606,9.117736915181213,57.72994129158513,79.6477495107632,,1.0,,72.8,93.2,511.0
wti,15,ridge,6.7578894115889145,4.5060422819548585,9.760743240057728,53.42465753424658,79.6477495107632,51.2720156555773,1.0705225793262245,0.06060968179500665,68.0,90.8,511.0
wti,15,gbm,6.57177141936591,4.119223358642388,9.44761551056857,58.121330724070454,77.88649706457925,47.94520547945205,1.0361798764820798,0.17139357164359026,68.8,93.60000000000001,511.0
wti,15,ensemble,6.446773725297454,4.107150059837039,9.431975490545772,55.96868884540117,79.6477495107632,55.96868884540117,1.0344645363523646,0.2058673319471307,68.8,92.80000000000001,511.0
henry_hub,7,random_walk,13.101555611490268,6.134969325153373,25.5809152365533,41.97292069632495,66.92456479690522,,1.0,,72.90076335877863,90.83969465648855,517.0
henry_hub,7,ridge,11.415231464457861,7.165929707588403,23.39583193283875,36.55705996131528,63.44294003868471,51.37254901960784,0.9145815040819095,0.3458101070992765,72.90076335877863,89.69465648854961,517.0
henry_hub,7,gbm,12.14886485543787,6.409328882098997,24.727486185250484,41.58607350096712,66.92456479690522,49.01960784313725,0.9666380564021679,0.3525685132128079,72.90076335877863,88.16793893129771,517.0
henry_hub,7,ensemble,11.492567102378821,6.962943078713035,23.712223938791286,41.3926499032882,65.76402321083172,52.74509803921569,0.926949787351948,0.2942054886841179,72.13740458015268,88.16793893129771,517.0
henry_hub,15,random_walk,19.45817443474238,8.615384615384624,32.89405582418382,30.724070450097845,55.77299412915851,,1.0,,73.6,90.4,511.0
henry_hub,15,ridge,15.71081600278077,10.308365756926152,28.306834111848417,31.115459882583167,48.7279843444227,54.851485148514854,0.8605455728276941,0.24238663873899224,72.0,88.0,511.0
henry_hub,15,gbm,17.96789334986689,9.208072575298655,31.316062547630224,28.57142857142857,52.054794520547944,53.86138613861387,0.9520280112313345,0.3319992208066921,71.6,88.8,511.0
henry_hub,15,ensemble,16.411998789218558,9.254557374793714,29.456703444144384,29.158512720156555,51.46771037181996,55.84158415841585,0.8955023242371867,0.2434307786708706,70.39999999999999,88.4,511.0
